A1101,"Conduite d'engins agricoles et forestiers"
A1201,"Bûcheronnage et élagage	"
A1202,"Entretien des espaces naturels	"
A1203,"Aménagement et entretien des espaces verts	"
A1204,"Protection du patrimoine naturel	"
A1205,"Sylviculture	"
A1301,"Conseil et assistance technique en agriculture	"
A1303,"Ingénierie en agriculture et environnement naturel	"
E1103,"Communication	"
F1101,"Architecture du BTP et du paysage	"
F1103,"Contrôle et diagnostic technique du bâtiment	"
F1105,"Études géologiques	"
F1106,"Ingénierie et études du BTP	"
F1201,"Conduite de travaux du BTP et de travaux paysagers	"
F1202,"Direction de chantier du BTP	"
F1501,"Montage de structures et de charpentes bois	"
F1503,"Réalisation - installation d'ossatures bois	"
F1602,"Électricité bâtiment	"
F1603,"Installation d'équipements sanitaires et thermiques	"
F1607,"Pose de fermetures menuisées	"
F1610,"Pose et restauration de couvertures	"
F1613,"Travaux d'étanchéité et d'isolation	"
F1703,"Maçonnerie	"
F1705,"Pose de canalisations	"
G1102,"Promotion du tourisme local	"
G1201,"Accompagnement de voyages, d'activités culturelles ou sportives	"
G1202,"Animation d'activités culturelles ou ludiques	"
G1403,"Gestion de structure de loisirs ou d'hébergement touristique	"
H1206,"Management et ingénierie études, recherche et développement industriel	"
H1301,"Inspection de conformité	"
H1302,"Management et ingénierie Hygiène Sécurité Environnement -HSE- industriels	"
H1303,"Intervention technique en Hygiène Sécurité Environnement -HSE- industriel	"
H1501,"Direction de laboratoire d'analyse industrielle	"
H1503,"Intervention technique en laboratoire d'analyse industrielle	"
H2701,"Pilotage d'installation énergétique et pétrochimique	"
I1304,"Installation et maintenance d'équipements industriels et d'exploitation	"
I1306,"Installation et maintenance en froid, conditionnement d'air	"
I1308,"Maintenance d'installation de chauffage	"
I1503,"Intervention en milieux et produits nocifs	"
K1702,"Direction de la sécurité civile et des secours	"
K1705,"Sécurité civile et secours	"
K1802,"Développement local	"
K1903,"Défense et conseil juridique	"
K2301,"Distribution et assainissement d'eau	"
K2302,"Management et inspection en environnement urbain	"
K2303,"Nettoyage des espaces urbains	"
K2304,"Revalorisation de produits industriels	"
K2305,"Salubrité et traitement de nuisibles	"
K2306,"Supervision d'exploitation éco-industrielle	"
K2402,"Recherche en sciences de l'univers, de la matière et du vivant	"
M1402,"Conseil en organisation et management d'entreprise	"
M1403,"Études et prospectives socio-économiques	"
M1808,"Information géographique	"
M1809,"Information météorologique	"
F1107,"Mesures topographiques	"
F1302,"Conduite d'engins de terrassement et de carrière	"
F1702,"Construction de routes et voies	"
F1704,"Préparation du gros oeuvre et des travaux publics	"
I1302,"Installation et maintenance d'automatismes	"
I1305,"Installation et maintenance électronique	"
I1310,"Maintenance mécanique industrielle	"
I1502,"Intervention en milieu subaquatique	"
I1503,"Intervention en milieux et produits nocifs	"
I1602,"Maintenance d'aéronefs	"
I1604,"Mécanique automobile et entretien de véhicules	"
I1605,"Mécanique de marine	"
K1701,"Personnel de la Défense	"
K1702,"Direction de la sécurité civile et des secours	"
K1703,"Direction opérationnelle de la défense	"
K1704,"Management de la sécurité publique	"
K1705,"Sécurité civile et secours	"
K1706,"Sécurité publique	"
M1807,"Exploitation de systèmes de communication et de commandement	"
M1808,"Information géographique	"
M1809,"Information météorologique	"
N2102,"Pilotage et navigation technique aérienne	"
N2202,"Contrôle de la navigation aérienne	"
N2203,"Exploitation des pistes aéroportuaires	"
N3101,"Encadrement de la navigation maritime	"
N3102,"Equipage de la navigation maritime	"
N4101,"Conduite de transport de marchandises sur longue distance	"
A1204,"Protection du patrimoine naturel	"
B1101,"Création en arts plastiques	"
B1201,"Réalisation d'objets décoratifs et utilitaires en céramique et matériaux de synthèse	"
B1302,"Décoration d'objets d'art et artisanaux	"
B1402,"Reliure et restauration de livres et archives	"
B1501,"Fabrication et réparation d'instruments de musique	"
B1601,"Métallerie d'art	"
B1602,"Réalisation d'objets artistiques et fonctionnels en verre	"
B1603,"Réalisation d'ouvrages en bijouterie, joaillerie et orfèvrerie	"
B1701,"Conservation et reconstitution d'espèces animales	"
B1804,"Réalisation d'ouvrages d'art en fils	"
B1806,"Tapisserie - décoration en ameublement	"
D1201,"Achat vente d'objets d'art, anciens ou d'occasion	"
F1101,"Architecture du BTP et du paysage	"
F1501,"Montage de structures et de charpentes bois	"
F1601,"Application et décoration en plâtre, stuc et staff	"
F1610,"Pose et restauration de couvertures	"
F1612,"Taille et décoration de pierres	"
G1102,"Promotion du tourisme local	"
G1201,"Accompagnement de voyages, d'activités culturelles ou sportives	"
G1202,"Animation d'activités culturelles ou ludiques	"
H2206,"Réalisation de menuiserie bois et tonnellerie	"
H2207,"Réalisation de meubles en bois	"
H2208,"Réalisation d'ouvrages décoratifs en bois	"
I1101,"Direction et ingénierie en entretien infrastructure et bâti	"
K1601,"Gestion de l'information et de la documentation	"
K1602,"Gestion de patrimoine culturel	"
K2108,"Enseignement supérieur	"
K2401,"Recherche en sciences de l'homme et de la société	"
K2402,"Recherche en sciences de l'univers, de la matière et du vivant	"
A1303,"Ingénierie en agriculture et environnement naturel	"
D1402,"Relation commerciale grands comptes et entreprises	"
D1406,"Management en force de vente	"
D1407,"Relation technico-commerciale	"
E1101,"Animation de site multimédia	"
E1103,"Communication	"
E1106,"Journalisme et information média	"
F1106,"Ingénierie et études du BTP	"
H1102,"Management et ingénierie d'affaires	"
H1206,"Management et ingénierie études, recherche et développement industriel	"
H1210,"Intervention technique en études, recherche et développement	"
H1302,"Management et ingénierie Hygiène Sécurité Environnement -HSE- industriels	"
K1401,"Conception et pilotage de la politique des pouvoirs publics	"
K1404,"Mise en oeuvre et pilotage de la politique des pouvoirs publics	"
K1405,"Représentation de l'Etat sur le territoire national ou international	"
K1601,"Gestion de l'information et de la documentation	"
K1704,"Management de la sécurité publique	"
K1903,"Défense et conseil juridique	"
K2402,"Recherche en sciences de l'univers, de la matière et du vivant	"
K2502,"Management de sécurité privée	"
M1101,"Achats	"
M1102,"Direction des achats	"
M1201,"Analyse et ingénierie financière	"
M1204,"Contrôle de gestion	"
M1301,"Direction de grande entreprise ou d'établissement public	"
M1302,"Direction de petite ou moyenne entreprise	"
M1402,"Conseil en organisation et management d'entreprise	"
M1403,"Études et prospectives socio-économiques	"
M1503,"Management des ressources humaines	"
M1703,"Management et gestion de produit	"
M1705,"Marketing	"
M1706,"Promotion des ventes	"
M1707,"Stratégie commerciale	"
M1801,"Administration de systèmes d'information	"
M1802,"Expertise et support en systèmes d'information	"
M1803,"Direction des systèmes d'information	"
M1804,"Études et développement de réseaux de télécoms	"
M1805,"Études et développement informatique	"
M1806,"Conseil et maîtrise d'ouvrage en systèmes d'information	"
A1303,"Ingénierie en agriculture et environnement naturel	"
F1105,"Études géologiques	"
H1206,"Management et ingénierie études, recherche et développement industriel	"
H1210,"Intervention technique en études, recherche et développement	"
K1602,"Gestion de patrimoine culturel	"
K2108,"Enseignement supérieur	"
K2401,"Recherche en sciences de l'homme et de la société	"
K2402,"Recherche en sciences de l'univers, de la matière et du vivant	"
M1808,"Information géographique	"
M1809,"Information météorologique	"
A1204,"Protection du patrimoine naturel	"
A1301,"Conseil et assistance technique en agriculture	"
A1303,"Ingénierie en agriculture et environnement naturel	"
A1404,"Aquaculture	"
A1406,"Encadrement équipage de la pêche	"
A1415,"Equipage de la pêche	"
A1417,"Saliculture	"
B1802,"Réalisation d'articles en cuir et matériaux souples (hors vêtement)	"
D1105,"Poissonnerie	"
D1211,"Vente en articles de sport et loisirs	"
D1404,"Relation commerciale en vente de véhicules	"
F1105,"Études géologiques	"
F1203,"Direction et ingénierie d'exploitation de gisements et de carrières	"
F1301,"Conduite de grue	"
F1401,"Extraction liquide et gazeuse	"
F1503,"Réalisation - installation d'ossatures bois	"
F1604,"Montage d'agencements	"
G1204,"Éducation en activités sportives	"
H1206,"Management et ingénierie études, recherche et développement industriel	"
H2902,"Chaudronnerie - tôlerie	"
H2911,"Réalisation de structures métalliques	"
H2913,"Soudage manuel	"
H2914,"Réalisation et montage en tuyauterie	"
H3203,"Fabrication de pièces en matériaux composites	"
H3404,"Peinture industrielle	"
I1309,"Maintenance électrique	"
I1502,"Intervention en milieu subaquatique	"
I1601,"Installation et maintenance en nautisme	"
I1605,"Mécanique de marine	"
I1607,"Réparation de cycles, motocycles et motoculteurs de loisirs	"
K1702,"Direction de la sécurité civile et des secours	"
K1704,"Management de la sécurité publique	"
K1705,"Sécurité civile et secours	"
K1706,"Sécurité publique	"
K2402,"Recherche en sciences de l'univers, de la matière et du vivant	"
L1401,"Sportif professionnel	"
M1807,"Exploitation de systèmes de communication et de commandement	"
M1808,"Information géographique	"
M1809,"Information météorologique	"
N3101,"Encadrement de la navigation maritime	"
N3102,"Equipage de la navigation maritime	"
N3103,"Navigation fluviale	"
N3201,"Exploitation des opérations portuaires et du transport maritime	"
N3202,"Exploitation du transport fluvial	"
N3203,"Manutention portuaire	"
H1101,"Assistance et support technique client	"
H1203,"Conception et dessin produits mécaniques	"
H1206,"Management et ingénierie études, recherche et développement industriel	"
H1207,"Rédaction technique	"
H1209,"Intervention technique en études et développement électronique	"
H1401,"Management et ingénierie gestion industrielle et logistique	"
H1402,"Management et ingénierie méthodes et industrialisation	"
H1403,"Intervention technique en gestion industrielle et logistique	"
H1404,"Intervention technique en méthodes et industrialisation	"
H1502,"Management et ingénierie qualité industrielle	"
H1506,"Intervention technique qualité en mécanique et travail des métaux	"
H2502,"Management et ingénierie de production	"
H2602,"Câblage électrique et électromécanique	"
H2901,"Ajustement et montage de fabrication	"
H2902,"Chaudronnerie - tôlerie	"
H2903,"Conduite d'équipement d'usinage	"
H2905,"Conduite d'équipement de formage et découpage des matériaux	"
H2907,"Conduite d'installation de production des métaux	"
H3203,"Fabrication de pièces en matériaux composites	"
H3402,"Conduite de traitement par dépôt de surface	"
H3404,"Peinture industrielle	"
I1102,"Management et ingénierie de maintenance industrielle	"
I1602,"Maintenance d'aéronefs	"
K2503,"Sécurité et surveillance privées	"
M1101,"Achats	"
M1805,"Études et développement informatique	"
N2101,"Navigation commerciale aérienne	"
N2102,"Pilotage et navigation technique aérienne	"
N2201,"Personnel d'escale aéroportuaire	"
N2202,"Contrôle de la navigation aérienne	"
N2203,"Exploitation des pistes aéroportuaires	"
N2204,"Préparation des vols	"
N2205,"Direction d'escale et exploitation aéroportuaire	"
F1204,"Qualité Sécurité Environnement et protection santé du BTP	"
H1302,"Management et ingénierie Hygiène Sécurité Environnement -HSE- industriels	"
H1303,"Intervention technique en Hygiène Sécurité Environnement -HSE- industriel	"
I1202,"Entretien et surveillance du tracé routier	"
K1702,"Direction de la sécurité civile et des secours	"
K1704,"Management de la sécurité publique	"
K1705,"Sécurité civile et secours	"
K1706,"Sécurité publique	"
K1707,"Surveillance municipale	"
K2501,"Gardiennage de locaux	"
K2502,"Management de sécurité privée	"
K2503,"Sécurité et surveillance privées	"
E1101,"Animation de site multimédia	"
E1103,"Communication	"
E1104,"Conception de contenus multimédias	"
E1106,"Journalisme et information média	"
E1205,"Réalisation de contenus multimédias	"
E1401,"Développement et promotion publicitaire	"
E1402,"Élaboration de plan média	"
G1202,"Animation d'activités culturelles ou ludiques	"
K1601,"Gestion de l'information et de la documentation	"
L1510,"Films d'animation et effets spéciaux	"
M1703,"Management et gestion de produit	"
M1705,"Marketing	"
M1801,"Administration de systèmes d'information	"
M1802,"Expertise et support en systèmes d'information	"
M1805,"Études et développement informatique	"
M1806,"Conseil et maîtrise d'ouvrage en systèmes d'information	"
M1810,"Production et exploitation de systèmes d'information	"
A1301,"Conseil et assistance technique en agriculture	"
A1303,"Ingénierie en agriculture et environnement naturel	"
C1202,"Analyse de crédits et risques bancaires	"
E1103,"Communication	"
F1101,"Architecture du BTP et du paysage	"
F1106,"Ingénierie et études du BTP	"
F1201,"Conduite de travaux du BTP et de travaux paysagers	"
K1205,"Information sociale	"
K1701,"Personnel de la Défense	"
K1702,"Direction de la sécurité civile et des secours	"
K1705,"Sécurité civile et secours	"
K1802,"Développement local	"
K1903,"Défense et conseil juridique	"
K2106,"Enseignement des écoles	"
K2301,"Distribution et assainissement d'eau	"
M1205,"Direction administrative et financière	"
M1207,"Trésorerie et financement	"
M1705,"Marketing	"
N1103,"Magasinage et préparation de commandes	"
N1201,"Affrètement transport	"
N1202,"Gestion des opérations de circulation internationale des marchandises	"
N1301,"Conception et organisation de la chaîne logistique	"
N1302,"Direction de site logistique	"
N1303,"Intervention technique d'exploitation logistique	"
N4101,"Conduite de transport de marchandises sur longue distance	"
F1204,"Qualité Sécurité Environnement et protection santé du BTP	"
F1502,"Montage de structures métalliques	"
F1605,"Montage de réseaux électriques et télécoms	"
F1613,"Travaux d'étanchéité et d'isolation	"
H1102,"Management et ingénierie d'affaires	"
H1302,"Management et ingénierie Hygiène Sécurité Environnement -HSE- industriels	"
H1303,"Intervention technique en Hygiène Sécurité Environnement -HSE- industriel	"
H1501,"Direction de laboratoire d'analyse industrielle	"
H1502,"Management et ingénierie qualité industrielle	"
H1503,"Intervention technique en laboratoire d'analyse industrielle	"
H1506,"Intervention technique qualité en mécanique et travail des métaux	"
H2701,"Pilotage d'installation énergétique et pétrochimique	"
H2902,"Chaudronnerie - tôlerie	"
H2913,"Soudage manuel	"
H2914,"Réalisation et montage en tuyauterie	"
I1101,"Direction et ingénierie en entretien infrastructure et bâti	"
I1302,"Installation et maintenance d'automatismes	"
I1304,"Installation et maintenance d'équipements industriels et d'exploitation	"
I1305,"Installation et maintenance électronique	"
I1309,"Maintenance électrique	"
I1310,"Maintenance mécanique industrielle	"
I1501,"Intervention en grande hauteur	"
I1502,"Intervention en milieu subaquatique	"
I1503,"Intervention en milieux et produits nocifs	"
G1202,"Animation d'activités culturelles ou ludiques	"
G1203,"Animation de loisirs auprès d'enfants ou d'adolescents	"
G1204,"Éducation en activités sportives	"
G1205,"Personnel d'attractions ou de structures de loisirs	"
J1304,"Aide en puériculture	"
J1507,"Soins infirmiers spécialisés en puériculture	"
K1202,"Éducation de jeunes enfants	"
K1206,"Intervention socioculturelle	"
K1207,"Intervention socioéducative	"
K1303,"Assistance auprès d'enfants	"
K1601,"Gestion de l'information et de la documentation	"
K2104,"Éducation et surveillance au sein d'établissements d'enseignement	"
K2105,"Enseignement artistique	"
K2106,"Enseignement des écoles	"
A1401,"Aide agricole de production fruitière ou viticole	"
A1402,"Aide agricole de production légumière ou végétale	"
A1403,"Aide d'élevage agricole et aquacole	"
D1106,"Vente en alimentation	"
D1203,"Hydrothérapie	"
D1204,"Location de véhicules ou de matériel de loisirs	"
D1211,"Vente en articles de sport et loisirs	"
D1501,"Animation de vente	"
D1505,"Personnel de caisse	"
D1507,"Mise en rayon libre-service	"
G1101,"Accueil touristique	"
G1201,"Accompagnement de voyages, d'activités culturelles ou sportives	"
G1202,"Animation d'activités culturelles ou ludiques	"
G1203,"Animation de loisirs auprès d'enfants ou d'adolescents	"
G1204,"Éducation en activités sportives	"
G1205,"Personnel d'attractions ou de structures de loisirs	"
G1206,"Personnel technique des jeux	"
G1403,"Gestion de structure de loisirs ou d'hébergement touristique	"
G1501,"Personnel d'étage	"
G1603,"Personnel polyvalent en restauration	"
G1605,"Plonge en restauration	"
G1702,"Personnel du hall	"
G1801,"Café, bar brasserie	"
G1803,"Service en restauration	"
K1302,"Assistance auprès d'adultes	"
K1303,"Assistance auprès d'enfants	"
K1705,"Sécurité civile et secours	"
L1203,"Art dramatique	"
M1601,"Accueil et renseignements	"
N4102,"Conduite de transport de particuliers	"
N4104,"Courses et livraisons express	"
N4402,"Exploitation et manoeuvre des remontées mécaniques	"
A1203,"Aménagement et entretien des espaces verts	"
A1501,"Aide aux soins animaux	"
A1503,"Toilettage des animaux	"
D1202,"Coiffure	"
D1208,"Soins esthétiques et corporels	"
E1102,"Ecriture d'ouvrages, de livres	"
E1108,"Traduction, interprétariat	"
G1203,"Animation de loisirs auprès d'enfants ou d'adolescents	"
G1204,"Éducation en activités sportives	"
G1602,"Personnel de cuisine	"
I1203,"Maintenance des bâtiments et des locaux	"
I1305,"Installation et maintenance électronique	"
I1401,"Maintenance informatique et bureautique	"
J1402,"Diététique	"
J1403,"Ergothérapie	"
J1404,"Kinésithérapie	"
J1409,"Pédicurie et podologie	"
J1412,"Rééducation en psychomotricité	"
J1501,"Soins d'hygiène, de confort du patient	"
J1506,"Soins infirmiers généralistes	"
K1101,"Accompagnement et médiation familiale	"
K1103,"Développement personnel et bien-être de la personne	"
K1201,"Action sociale	"
K1301,"Accompagnement médicosocial	"
K1302,"Assistance auprès d'adultes	"
K1303,"Assistance auprès d'enfants	"
K1304,"Services domestiques	"
K1305,"Intervention sociale et familiale	"
K2106,"Enseignement des écoles	"
K2107,"Enseignement général du second degré	"
K2501,"Gardiennage de locaux	"
K2503,"Sécurité et surveillance privées	"
K2602,"Conseil en services funéraires	"
K2603,"Thanatopraxie	"
L1101,"Animation musicale et scénique	"
L1204,"Arts du cirque et arts visuels	"
M1602,"Opérations administratives	"
M1607,"Secrétariat	"
N4102,"Conduite de transport de particuliers	"
N4105,"Conduite et livraison par tournées sur courte distance	"
D1203,"Hydrothérapie	"
D1211,"Vente en articles de sport et loisirs	"
E1103,"Communication	"
E1106,"Journalisme et information média	"
E1107,"Organisation d'évènementiel	"
G1201,"Accompagnement de voyages, d'activités culturelles ou sportives	"
G1204,"Éducation en activités sportives	"
G1403,"Gestion de structure de loisirs ou d'hébergement touristique	"
J1102,"Médecine généraliste et spécialisée	"
J1402,"Diététique	"
J1404,"Kinésithérapie	"
K2107,"Enseignement général du second degré	"
L1201,"Danse	"
L1204,"Arts du cirque et arts visuels	"
L1303,"Promotion d'artistes et de spectacles	"
L1401,"Sportif professionnel	"
M1705,"Marketing	"
N3101,"Encadrement de la navigation maritime	"
A1303,"Ingénierie en agriculture et environnement naturel	"
F1103,"Contrôle et diagnostic technique du bâtiment	"
F1105,"Études géologiques	"
F1106,"Ingénierie et études du BTP	"
F1107,"Mesures topographiques	"
F1203,"Direction et ingénierie d'exploitation de gisements et de carrières	"
F1204,"Qualité Sécurité Environnement et protection santé du BTP	"
H1101,"Assistance et support technique client	"
H1102,"Management et ingénierie d'affaires	"
H1206,"Management et ingénierie études, recherche et développement industriel	"
H1302,"Management et ingénierie Hygiène Sécurité Environnement -HSE- industriels	"
H1401,"Management et ingénierie gestion industrielle et logistique	"
H1402,"Management et ingénierie méthodes et industrialisation	"
H1501,"Direction de laboratoire d'analyse industrielle	"
H1502,"Management et ingénierie qualité industrielle	"
H2502,"Management et ingénierie de production	"
I1101,"Direction et ingénierie en entretien infrastructure et bâti	"
I1102,"Management et ingénierie de maintenance industrielle	"
K2302,"Management et inspection en environnement urbain	"
M1201,"Analyse et ingénierie financière	"
M1802,"Expertise et support en systèmes d'information	"
M1804,"Études et développement de réseaux de télécoms	"
M1805,"Études et développement informatique	"
M1806,"Conseil et maîtrise d'ouvrage en systèmes d'information	"
M1808,"Information géographique	"
M1809,"Information météorologique	"
M1810,"Production et exploitation de systèmes d'information	"
N1301,"Conception et organisation de la chaîne logistique	"
N2102,"Pilotage et navigation technique aérienne	"
