;;;
691e;A1416;;
;;;
691b;A1403;;
;A1407;;
;A1408;;
;A1409;;
;A1410;;
;A1411;;
;;;
;;;
533b;A1201;;
691f;A1204;;
;A1205;;
;;;
691a;A1101;;
;;;
;;;
;;;
;;;
;;;
;;;
;;;
691c;A1402;;
;A1414;;
;;;
631a;A1202;;
;A1203;;
;F1101;;
;;;
;;;
;;;
691d;A1401;;
;A1405;;
;;;
;;;
;;;
;;;
471a;A1301;;
471b;A1302;;
480a;A1303;;
;A1416;;
;;;
;;;
381a;A1301;;
;A1302;;
;A1303;;
;;;
;;;
;;;
;;;
122c;;;
;;;
692a;A1404;;
;A1415;;
;A1417;;
;;;
656a;N3102;;
;N3103;;
;;;
389c;A1406;;
480b;N3101;;
;N3102;;
;;;
;;;
;;;
;;;
;;;
;;;
;;;
671b;F1401;;
671a;F1402;;
;F1701;;
;F1702;;
;F1704;;
;F1705;;
;I1502;;
;;;
681a;F1501;;
;F1502;;
;F1503;;
;F1608;;
;F1610;;
;F1611;;
;F1613;;
;F1703;;
;;;
;;;
;;;
211h;F1401;;
621a;F1402;;
621b;F1701;;
621d;F1702;;
621e;F1705;;
621f;I1502;;
621g;;;
;;;
;;;
;;;
211a;F1608;;
632a;F1611;;
;F1613;;
;F1703;;
;;;
214d;F1612;;
632b;;;
;;;
624d;F1502;;
;;;
632c;F1501;;
;F1503;;
;;;
211c;F1610;;
632e;;;
;;;
;;;
;;;
681b;F1601;;
;F1602;;
;F1603;;
;F1604;;
;F1605;;
;F1606;;
;F1607;;
;F1609;;
;H2206;;
;;;
;;;
;;;
211d;F1603;;
632f;;;
;;;
211b;F1604;;
632d;F1607;;
632j;H2206;;
;;;
211e;F1602;;
633a;F1605;;
;;;
211f;F1601;;
632g;F1606;;
632h;F1609;;
;;;
;;;
;;;
621c;F1301;;
651a;F1302;;
;N1104;;
;;;
;;;
;;;
472b;F1107;;
;;;
211j;F1103;;
472d;F1105;;
472c;F1106;;
;F1108;;
;F1204;;
;;;
472a;F1104;;
;;;
481a;F1201;;
481b;F1202;;
;;;
;;;
;;;
382b;F1101;;
312f;F1102;;
;;;
382a;F1103;;
382c;F1105;;
;F1106;;
;F1108;;
;F1201;;
;F1202;;
;F1203;;
;F1204;;
;I1101;;
;;;
;;;
;;;
;;;
;;;
;;;
;;;
;;;
;;;
672a;H2601;;
;H2602;;
;H2603;;
;H2604;;
;H2605;;
;;;
;;;
;;;
622b;H1504;;
622a;H2601;;
622g;H2602;;
;H2603;;
;H2604;;
;H2605;;
;;;
;;;
;;;
473b;H1207;;
473c;H1209;;
;H1504;;
;;;
;;;
;;;
;;;
473a;H1202;;
;;;
;;;
;;;
482a;H2501;;
;;;
;;;
;;;
;;;
;;;
;;;
;;;
;;;
;;;
673a;H2902;;
673b;H2903;;
;H2904;;
;H2905;;
;H2906;;
;H2914;;
;H3203;;
;;;
;;;
;;;
628c;H2912;;
628d;;;
;;;
623f;H2903;;
623g;H2905;;
;H2906;;
;H2908;;
;H2910;;
;H3203;;
;;;
;;;
;;;
211g;H2902;;
212b;H2904;;
623a;H2911;;
634b;;;
;;;
623b;H2914;;
;;;
623c;H2913;;
;;;
;;;
;;;
673c;H2901;;
682a;H2909;;
;H2911;;
;H2913;;
;H3401;;
;H3402;;
;H3403;;
;H3404;;
;I1603;;
;I1604;;
;I1606;;
;I1607;;
;;;
;;;
;;;
;;;
;;;
;;;
624a;H1506;;
624g;H2901;;
624e;H2909;;
;;;
624f;H3401;;
;H3402;;
;H3403;;
;H3404;;
;;;
;;;
;;;
474b;H1506;;
474c;H2908;;
;H2910;;
;H2912;;
;;;
474a;H1203;;
;;;
;;;
;;;
212c;H2503;;
212d;H2912;;
483a;;;
;;;
;;;
;;;
;;;
;;;
;;;
;;;
;;;
;;;
;;;
;;;
674a;H2301;;
;H3201;;
;;;
674b;A1412;;
674c;A1413;;
;H2101;;
;H2102;;
;;;
674d;F1706;;
;H2801;;
;H2803;;
;H2907;;
;;;
674e;H2203;;
;H3101;;
;H3102;;
;;;
676e;H3301;;
;H3302;;
;H3303;;
;;;
;;;
;;;
625a;H2701;;
626a;H2804;;
;H2805;;
;;;
625c;H2301;;
;H3201;;
;H3202;;
;;;
625e;A1412;;
;A1413;;
;H2102;;
;;;
626b;H2802;;
625h;F1706;;
637a;H2801;;
;H2803;;
;H2907;;
;B1201;;
;B1602;;
;;;
626c;H2203;;
;H3101;;
;H3102;;
;;;
479a;H1201;;
625b;H1503;;
628f;;;
;;;
628g;H3301;;
;H3303;;
;;;
;;;
;;;
475a;H1210;;
475b;H1404;;
485a;H1503;;
;H1505;;
;H3202;;
;;;
484a;H2504;;
484b;;;
;;;
;;;
;;;
;;;
;;;
;;;
;;;
;;;
;;;
675a;B1801;;
;B1802;;
;B1803;;
;D1206;;
;D1207;;
;H2401;;
;H2402;;
;H2403;;
;H2404;;
;H2405;;
;H2406;;
;H2407;;
;H2408;;
;H2409;;
;H2410;;
;H2411;;
;H2413;;
;H2414;;
;H2415;;
;K2201;;
;;;
;;;
;;;
627a;H2401;;
627b;H2402;;
627c;H2403;;
;H2404;;
;H2405;;
;H2406;;
;H2407;;
;H2408;;
;H2409;;
;H2410;;
;H2411;;
;H2412;;
;H2413;;
;H2414;;
;H2415;;
;K2201;;
;;;
213a;B1801;;
635a;B1802;;
;B1803;;
;B1804;;
;D1206;;
;D1207;;
;;;
;;;
;;;
;;;
;;;
675b;B1806;;
;H2201;;
;H2202;;
;H2205;;
;H2207;;
;H2208;;
;;;
;;;
;;;
;;;
;;;
214a;B1806;;
214b;H2207;;
;H2208;;
;;;
;;;
;;;
627d;H2201;;
;H2202;;
;H2205;;
;;;
;;;
;;;
675c;E1202;;
;E1203;;
;E1301;;
;E1302;;
;E1304;;
;E1306;;
;E1307;;
;;;
214c;E1202;;
627e;E1203;;
627f;E1301;;
;E1302;;
;E1304;;
;E1306;;
;E1307;;
;;;
;;;
;;;
476a;E1303;;
476b;E1305;;
485b;E1308;;
;H1205;;
;H2204;;
;H2209;;
;H2412;;
;H2505;;
;;;
;;;
;;;
;;;
;;;
;;;
;;;
;;;
628a;B1604;;
634d;I1310;;
;I1601;;
;I1602;;
;I1605;;
;;;
628b;I1303;;
633d;I1309;;
;;;
216c;I1402;;
633b;;;
;;;
632k;I1203;;
;;;
;;;
;;;
216b;I1606;;
634a;;;
;;;
212a;I1603;;
216a;I1604;;
633c;I1607;;
634c;;;
;;;
;;;
;;;
477b;A1204;;
477c;B1604;;
477d;H1101;;
486a;H1208;;
486d;H1303;;
;I1301;;
;I1302;;
;I1304;;
;I1305;;
;I1306;;
;I1307;;
;I1308;;
;I1309;;
;I1310;;
;I1503;;
;I1601;;
;I1602;;
;I1603;;
;I1604;;
;I1605;;
;I1607;;
;K2301;;
;;;
479b;H1301;;
;I1103;;
;K2306;;
;;;
;;;
;;;
;;;
486e;I1203;;
;;;
;;;
;;;
;;;
;;;
;;;
;;;
380a;H1301;;
383b;H1505;;
384b;H2502;;
385b;;;
386d;;;
386e;;;
;;;
387e;A1204;;
387f;H1302;;
;H1101;;
;I1102;;
;K2302;;
;K2306;;
;;;
387c;H1401;;
387d;H1402;;
;H1501;;
;H1502;;
;;;
;;;
;;;
;;;
;;;
;;;
;;;
676a;N1101;;
676b;N1102;;
676c;N1103;;
676d;N1105;;
;N2203;;
;N3203;;
;;;
;;;
;;;
652a;N1101;;
652b;N1102;;
653a;N1103;;
;N1105;;
;N2203;;
;N3203;;
;;;
487a;N1103;;
487b;N1302;;
;;;
;;;
;;;
217a;J1305;;
526e;N4102;;
642a;;;
642b;;;
;;;
641b;N4103;;
;;;
643a;N4104;;
644a;N4105;;
;M1603;;
;;;
;;;
;;;
217b;N4101;;
218a;;;
641a;;;
;;;
654a;N4301;;
651b;N4402;;
;;;
;;;
;;;
655a;N4401;;
;N4403;;
;;;
546a;N4302;;
;;;
466c;H1403;;
477a;N1201;;
;N1202;;
;N1301;;
;N1303;;
;N2204;;
;N3201;;
;N3202;;
;N4201;;
;N4202;;
;N4203;;
;N4204;;
;;;
;;;
;;;
;;;
;;;
546d;G1201;;
546e;N2101;;
;;;
546c;N1201;;
;N1202;;
;;;
546b;D1204;;
;G1101;;
;G1303;;
;N2201;;
;;;
226b;D1204;;
466a;G1102;;
466b;G1301;;
;G1303;;
;N1301;;
;N3201;;
;N3202;;
;N4201;;
;N4202;;
;N4203;;
;N4204;;
;;;
;;;
;;;
389a;N2202;;
451d;N2205;;
;N3201;;
;N3202;;
;N4201;;
;N4202;;
;N4203;;
;N4204;;
;;;
389b;N2102;;
;;;
387b;G1302;;
;N1301;;
;N1302;;
;;;
;;;
;;;
;;;
;;;
;;;
;;;
;;;
;;;
685a;A1502;;
;A1503;;
;B1302;;
;B1303;;
;B1401;;
;B1402;;
;B1501;;
;B1601;;
;B1603;;
;B1701;;
;D1205;;
;;;
;;;
;;;
214e;A1502;;
214f;A1503;;
217d;B1302;;
637b;B1303;;
637d;B1401;;
;B1402;;
;B1501;;
;B1601;;
;B1603;;
;B1701;;
;D1205;;
;;;
;;;
;;;
;;;
;;;
;;;
;;;
;;;
542a;D1401;;
542b;M1607;;
;M1608;;
;M1609;;
;;;
;;;
;;;
543a;M1203;;
;;;
;;;
;;;
313a;M1601;;
541a;;;
541d;;;
;;;
;;;
;;;
;;;
543d;M1401;;
;M1501;;
;M1602;;
;M1605;;
;M1606;;
;;;
;;;
;;;
461a;D1401;;
;M1604;;
;M1607;;
;M1608;;
;M1609;;
;;;
;;;
;;;
461e;M1404;;
461f;M1501;;
;M1605;;
;;;
461d;M1203;;
;;;
;;;
;;;
312c;M1201;;
312d;M1202;;
372a;M1203;;
372b;M1204;;
373a;M1205;;
373c;M1206;;
373d;M1207;;
373b;M1402;;
;M1403;;
;;;
372e;K1903;;
;;;
372c;K2101;;
372d;K2102;;
;M1502;;
;M1503;;
;;;
;;;
;;;
232a;M1302;;
233a;;;
233b;;;
233c;;;
233d;;;
;;;
231a;M1301;;
371a;;;
;;;
;;;
;;;
;;;
;;;
;;;
;;;
544a;M1801;;
;M1805;;
;M1810;;
;;;
;;;
;;;
478a;M1805;;
;;;
478b;I1401;;
478c;M1801;;
478d;M1810;;
;;;
;;;
;;;
388a;M1801;;
388c;M1802;;
;M1803;;
;M1805;;
;M1806;;
;M1810;;
;;;
388b;I1401;;
;;;
;;;
388e;M1804;;
;M1807;;
;;;
;;;
;;;
;;;
;;;
;;;
;;;
;;;
;;;
312e;H1206;;
383a;M1808;;
384a;M1809;;
385a;;;
386a;;;
;;;
;;;
342e;K2401;;
;K2402;;
;;;
;;;
;;;
;;;
;;;
;;;
;;;
;;;
;;;
522a;K1501;;
;;;
523a;;;
524a;;;
533c;;;
;;;
521a;;;
521b;;;
;;;
;;;
;;;
451c;K1503;;
;K1504;;
;K1505;;
;;;
451e;K1502;;
451f;;;
;;;
451a;;;
451b;;;
;;;
;;;
;;;
331a;K1401;;
332a;K1403;;
332b;K1404;;
333b;K1405;;
333e;K1502;;
333f;K1503;;
351a;K1504;;
;K1505;;
;K1602;;
;K1802;;
;;;
;;;
;;;
;;;
333c;;;
333d;;;
;;;
334a;;;
;;;
;;;
;;;
312a;K1901;;
312b;K1902;;
312g;;;
;;;
333a;K1904;;
;;;
;;;
;;;
531a;K1701;;
531c;K1705;;
532a;K1706;;
532b;;;
532c;;;
533a;;;
;;;
531b;K1707;;
;;;
452a;K1702;;
452b;K1703;;
;K1704;;
;;;
;;;
;;;
;;;
;;;
;;;
;;;
;;;
;;;
545a;C1102;;
545b;C1109;;
545c;C1201;;
545d;C1206;;
;C1401;;
;;;
;;;
;;;
467a;C1201;;
467b;C1202;;
;C1203;;
;C1205;;
;C1206;;
;C1302;;
;;;
467c;C1102;;
467d;C1103;;
;C1105;;
;C1106;;
;C1107;;
;C1109;;
;C1110;;
;;;
;;;
;;;
376a;C1202;;
376b;C1203;;
376c;C1204;;
376d;C1205;;
;C1207;;
;C1301;;
;C1302;;
;C1303;;
;;;
226a;C1101;;
376e;C1103;;
376f;C1104;;
;C1105;;
;C1106;;
;C1107;;
;C1108;;
;;;
;;;
;;;
;;;
;;;
;;;
;;;
551a;D1501;;
;D1507;;
;;;
552a;D1505;;
554j;;;
;;;
;;;
;;;
219a;D1105;;
554a;D1106;;
;D1107;;
;;;
;;;
;;;
554b;D1212;;
554c;;;
;;;
554d;D1201;;
554e;D1209;;
554f;D1210;;
554g;D1211;;
;D1214;;
;;;
556a;D1213;;
;;;
553a;;;
554h;;;
;;;
555a;D1408;;
;;;
;;;
;;;
225a;D1407;;
463a;D1402;;
463b;D1405;;
463c;;;
463d;;;
;;;
463e;D1403;;
;D1404;;
;D1501;;
;;;
;;;
;;;
;;;
;;;
222a;D1506;;
222b;D1502;;
223a;D1503;;
223b;D1508;;
223c;;;
223d;;;
223e;;;
223f;;;
223g;;;
223h;;;
462a;;;
462b;;;
462d;;;
;;;
221a;;;
221b;;;
;;;
;;;
;;;
;;;
462c;M1101;;
462e;M1102;;
;;;
;;;
;;;
374b;D1406;;
374c;M1701;;
374d;M1702;;
;M1703;;
;M1704;;
;M1705;;
;M1707;;
;M1102;;
;D1506;;
;M1101;;
;;;
382d;H1102;;
383c;M1706;;
384c;D1407;;
385c;;;
387a;;;
388d;;;
;;;
374a;D1301;;
;D1504;;
;D1509;;
;;;
;;;
376g;C1501;;
226c;C1502;;
;C1503;;
;C1504;;
;;;
;;;
;;;
;;;
;;;
;;;
;;;
683a;D1101;;
215d;D1102;;
;D1103;;
;D1104;;
;;;
215b;D1101;;
636a;H2101;;
625d;;;
;;;
215c;D1103;;
636b;;;
;;;
215a;D1102;;
636c;D1104;;
;;;
;;;
;;;
561d;G1603;;
;G1604;;
;G1605;;
;;;
636d;G1602;;
;;;
;;;
488a;G1601;;
;;;
;;;
;;;
561e;G1501;;
561f;G1502;;
;G1702;;
;G1703;;
;;;
561a;G1801;;
;G1803;;
;;;
468a;G1802;;
;G1804;;
;;;
468b;G1503;;
;G1701;;
;;;
;;;
;;;
224a;;;
224b;;;
224c;;;
224d;;;
;;;
377a;G1401;;
488b;G1402;;
;G1403;;
;G1404;;
;;;
;;;
;;;
;;;
;;;
;;;
;;;
;;;
;;;
217c;D1202;;
562a;D1203;;
562b;D1208;;
;;;
;;;
;;;
563c;K1304;;
;;;
;;;
;;;
563b;K1302;;
;K1305;;
;;;
;;;
;;;
563a;K1303;;
;;;
;;;
;;;
564a;K2501;;
;;;
534a;K2502;;
534b;K2503;;
;;;
;;;
;;;
217e;I1501;;
525a;K2202;;
525b;K2203;;
525c;K2204;;
684a;;;
;;;
;;;
;;;
525d;J1301;;
;;;
628e;I1201;;
684b;I1202;;
;I1503;;
;K2301;;
;K2303;;
;K2304;;
;K2305;;
;;;
;;;
;;;
227c;G1205;;
227d;G1206;;
564b;K1103;;
;K2601;;
;K2602;;
;K2603;;
;;;
;;;
;;;
;;;
;;;
;;;
;;;
;;;
;;;
464a;E1101;;
;E1103;;
;E1107;;
;E1401;;
;E1402;;
;;;
464b;E1108;;
;;;
375a;E1101;;
375b;E1103;;
;E1107;;
;E1401;;
;E1402;;
;L1303;;
;;;
;;;
;;;
372f;K1601;;
425a;;;
;;;
352a;E1105;;
353a;E1106;;
;;;
;;;
;;;
353b;E1204;;
353c;L1302;;
465b;L1304;;
637c;L1501;;
;L1502;;
;L1503;;
;L1504;;
;L1505;;
;L1506;;
;L1507;;
;L1508;;
;L1509;;
;;;
465c;E1201;;
;;;
465a;B1301;;
;B1805;;
;E1104;;
;E1205;;
;F1102;;
;H1204;;
;;;
;;;
;;;
;;;
354b;K2105;;
354c;L1101;;
354d;L1102;;
354g;L1103;;
;L1201;;
;L1202;;
;L1203;;
;L1204;;
;L1301;;
;;;
352b;E1102;;
;;;
354a;B1101;;
;;;
;;;
;;;
;;;
;;;
;;;
;;;
526a;A1501;;
526b;J1303;;
526c;J1304;;
526d;J1501;;
;K1301;;
;;;
;;;
;;;
431a;J1502;;
431b;J1503;;
431c;J1504;;
431d;J1505;;
431f;J1506;;
431g;J1507;;
;;;
431e;J1104;;
;;;
;;;
;;;
311a;J1101;;
311b;J1102;;
344a;K1402;;
344b;;;
344c;;;
;;;
;;;
;;;
311c;J1103;;
;;;
311e;A1504;;
;;;
311f;J1201;;
344d;J1202;;
;;;
;;;
;;;
433a;J1302;;
433d;J1306;;
;J1307;;
;;;
433b;J1401;;
433c;J1405;;
;J1410;;
;J1411;;
;;;
432a;J1402;;
432b;J1403;;
432c;J1404;;
432d;J1406;;
;J1407;;
;J1408;;
;J1409;;
;J1412;;
;;;
311d;K1104;;
;;;
;;;
;;;
343a;K1801;;
;K2112;;
;;;
434a;K1202;;
434d;K1203;;
434e;K1204;;
434f;K1207;;
434g;;;
;;;
434b;K1101;;
434c;K1102;;
;K1201;;
;K1205;;
;;;
;;;
;;;
227a;;;
;;;
435b;G1202;;
435a;G1203;;
;K1206;;
;;;
424a;G1204;;
;L1401;;
;;;
422d;K2104;;
422e;;;
;;;
;;;
;;;
;;;
;;;
;;;
;;;
421a;K2106;;
421b;;;
;;;
341a;K2107;;
422a;K2109;;
422b;;;
422c;;;
;;;
227b;K2103;;
341b;;;
;;;
;;;
;;;
342a;K2108;;
;;;
;;;
;;;
;;;
;;;
423a;K2110;;
423b;K2111;;
;;;
;;;
;;;
;;;
;;;
;;;
;;;
335a;;;
;;;
441a;;;
441b;;;
;;;
;;;
